title,pub_date
" Google Is Set to Trade After Selling Shares at $85  Google, conceding that demand for its long-awaited public stock offering had fallen far short of the company's hopes, reduced the number of shares and drastically reduced the target price range.       The final price was $85, far off the target range of $108 to $135 a share that the company had projected last month. The company's shares are expected to begin trading today on the Nasdaq market. [Page A1.]",2004-08-19T05:00:00+0000
"Floyd Norris comment on Google offering notes that investors' hesitance about offering cost insiders millions of dollars; notes Google's top executives wound up taking out only a third as much as they had hoped when company priced its offering; venture capitalists, who had nurtured Google and had expected to take out more money than anyone else, wound up not selling any shares at all; Google prices its offering at $85 a share, far below $108 to $135 it had been expecting and at bottom of new range it sets; in process, it also has to scale back number of shares being sold by selling stockholders; table shows shares held by Google's top executives, and venture capital firms (M)",2004-08-19T05:00:00+0000
" INTERNATIONAL   A3-18    Rebel Cleric Reaches Out; Fending Off U.S. Attack  The rebel cleric Moktada al-Sadr sent messages of conciliation that appeared to have staved off an imminent assault on his fortress in Iraq's holiest Shiite shrine. Mr. Sadr suggested he would vacate the shrine, disband the Mahdi Army, and transform it into a political party.   A1    Iraq took its first step toward a constitutional democracy, selecting a national assembly in a jumbled process that was never even put to a vote.   A12",2004-08-19T05:00:00+0000
Basics column roundup of educational software for primary and secondary school students; Web sites noted; photos (M),2004-08-19T05:00:00+0000
"Google reduces number of shares in its long-awaited public stock offering, concluding its unorthodox online auction by accepting price well below its original target; actions reflect fact that demand has fallen far short of company's hopes; final price is $85, far off target range of $108 to $135 a share that was projected last month; pared-down offering of 19.6 million shares, down from 25.7 million, will raise $1.66 billion for Google, its founders and some early investors; two big early investors, Kleiner Perkins Caufield & Byers and Sequoia Capital, withdraw their combined 4.5 million shares from auction, betting they can get better price at some point in future; big question is whether stock price will receive big opening-day run-up; photo (M)",2004-08-19T05:00:00+0000
"Google stock closed today at $100.34 a share, about 18 percent above the $85 price set in the I.P.O. on Wednesday.",2004-08-19T05:00:00+0000
"Price of Google shares rises 18 percent in first day of trading, to just above $100, which is about where it would have landed if this had been typical IPO rather than Dutch auction chosen by company's founders; closing price gives company market valuation of more than $27 billion; shares are bought, sold and flipped during day, disappointing founders' hope that unorthodox offering would attract bidders who would buy its stock as long-term investment; there now appears to have been little substance to idea that Google was bucking Wall Street's establishment by seriously undercutting fees investment bankers typically receive in taking companies public; company is paying its bankers fee of 2.8 percent of $1.67 billion raised in auction, which is said to be comparable to fees charged in other deals of this size; photo (M)",2004-08-20T05:00:00+0000
"Editorial says Google's unusual initial public offering deprived Wall St banks of full control over sale, making it easier for individual investors to buy stock; says 'Dutch auction' that Google relied on has much to commend it; hopes last-minute gaffes by Google will not dissuade other companies from using this method",2004-08-20T05:00:00+0000
" INTERNATIONAL   A3-12    Allawi Warns Rebel Cleric: Disarm and Vacate Shrine  Iraq's prime minister, Ayad Allawi, gave what he described as a final warning to the rebel Shiite cleric Moktada al-Sadr, saying Mr. Sadr should move quickly to fulfill his vow to disarm and leave the shrine in Najaf where his followers have been battling U.S. troops for weeks.   A1    Crude oil futures jumped to a record $48.70 a barrel on concern that Iraqi exports may drop further because of clashes in southern Iraq between American troops and fighters loyal to Mr. Sadr.   C5",2004-08-20T05:00:00+0000
Investors' hesitance about Google's offering has cost some very important people — the insiders — millions of dollars..Google's top executives wound up with only about one-third as much as they had hoped when the company priced its offering,2004-08-20T05:00:00+0000
" Google Shares Rise In First Day of Trading  In Google's first day of trading, investors bought, sold and flipped shares at a furious pace, with the price ending just above $100 -- 18 percent higher than where it started. The closing price gave the company a market valuation of more than $27 billion.   BUSINESS DAY, PAGE C1    United May End Its Pensions  United Airlines said it would most likely end its employee pension plans and replace them with less-generous benefits.   BUSINESS DAY, PAGE C1",2004-08-20T05:00:00+0000
"Standard & Poor's 500-stock index loses 3.94 points, falling to 1,091.23; Dow Jones industrial average drops 42.33 points, to 10,040.82; Nasdaq composite index drops 11.48 points, to 1,819.89; 10-year Treasury note gains 7/32, to 100 9/32; yield falls to 4.22 percent; graphs; table (M)",2004-08-20T05:00:00+0000
"People in Netherlands following Google's 'Dutch auction' of its shares wonder whether term is just another English put-down, on the order of 'Dutch treat,' 'Dutch courage' and 'Dutch uncle,' or long-overdue sign of respect for nation whose flower traders have successfully used this sales method for nearly a century; photo of Aalsmeer Flower Auction (M)",2004-08-20T05:00:00+0000
" Fantasy Leagues Attract Money From Advertisers  Fantasy sports leagues like those offered on Sportsline.com were among the first services to prove that consumers were willing to pay for online content. But now, free or low-cost services from AOL, NFL.com and even Best Buy are attracting advertising dollars and, potentially, driving down the price of content for everyone.     Over the next four weeks of N.F.L. pre-season games, the league will run television commercials featuring N.F.L. stars like Michael Strahan, above left, of the New York Giants, playing for fantasy football teams and answering to their fantasy league managers. Bob Tedeshi: E-Commerce Report. [Page C7.]",2004-08-23T05:00:00+0000
Google's success at going public at very attractive valuation while denying underwriters ostensibly unrelated profits they derive from ability to allocate shares in hot offerings shows stock auctions can work; underwriters apparently priced Google's Dutch auction low enough to insure that price would rise above offering price; unorthodox approach resulted in less flipping of shares in first day than was typical for technology shares in 1990's; table of hot technology offerings (M),2004-08-23T05:00:00+0000
"Op-Ed article by Matthew Hindman and Kenneth Neil Cukier says 95 percent of all Web searches in United States are handled by two companies, Google and Yahoo, either directly or through other sites that use their technology; says Google, whose shares started to trade publicly last week, holds world's largest index of Web content; says influence of search companies in determining what users worldwide can see and do online is breathtaking; says as Google begins its life as public company, question is how powerful it will be, how it uses its influence over information and, more broadly, what happens when so much control is placed in hands of companies like Google (M)",2004-08-23T05:00:00+0000
"Casino City Inc, which operates online casino directory, files suit challenging federal ban on advertisements for gambling Web sites; seeks declaratory judgment that such ads are constitutionally protected speech; photo (M)",2004-08-23T05:00:00+0000
Number of top Silicon Valley venture capitalists rue their failure to supply capital to Larry Page and Sergey Brin when they sought funds to expand their Google Internet portal; have watched as John Doerr and Michael Moritz turned $11 million to $12 million they each paid in June 1999 for 10 percent stakes in Google into $3 billion; some recall their concerns about working with founders (M),2004-08-23T05:00:00+0000
"About New York column profiles Doris and Arnold Blumberg, owner of Reference Pictures, treasure trove of photographs and drawings of anything and everything; company was started years ago by man known only as Moe; when he died in early 1980's, Blumberg, one of Moe's clients, bought archive; company is still considered valuable resource, even with advent of Internet; photo (M)",2004-08-25T05:00:00+0000
"Orion Multisystems, startup company in Santa Clara, Calif, is set to introduce new desktop workstation computer intended for engineers and scientists, one that is size of pizza box, has 12 processors and delivers about 10 times performance of standard desktop PC, while using about same amount of power; idea is throwback to early days of workstation computers, before shift away from specialized workstations and toward desktop PC's and cluster computers, which run software that needs lots of computing power; Orion believes sheer electrical power needs of today's high-performance computers are in its favor; photo (M)",2004-08-30T05:00:00+0000
THURSDAY,2004-08-30T05:00:00+0000
"The full text of remarks made by Governor George Pataki, as prepared for delivery.",2004-09-02T05:00:00+0000
"Following are excerpts from the speech by Gov. George E. Pataki last night at the Republican National Convention, as transcribed by The New York Times. The full transcription and video are at nytimes.com/campaign.",2004-09-03T05:00:00+0000
Mimi Sheraton article describes her favorite still lifes of food at Metropolitan Museum of Art; photos (L),2004-09-03T05:00:00+0000
Gov George E Pataki caps frenzied week playing host to Republican National Convention by introducing Pres Bush; photo (M),2004-09-03T05:00:00+0000
Online Diary column; Internet Archive is Web site founded by Brewster Kahle that aims to preserve Web pages; Nathan Hemenway's Web site features short animated films; Web site of photographs of George Bush doll doing yoga; photo; drawing (M),2004-09-09T05:00:00+0000
"America Online to offer new shopping Web site, In-Store, that will include elements of both traditional online shopping mall and comparison shopping engine as part of its revamped shopping section; site will let consumers research products side by side before buying; consumers have yet to fully embrace comparison shopping; graph of comparison sites (M)",2004-09-13T05:00:00+0000
"Hundreds of multinational companies have set up research and development laboratories in China in recent years; labs vary in size and ambition, but may help China grow as they multiply and expand from mostly user and copier of advanced technologies developed elsewhere into powerful incubator of its own; shift may eventually reshape applied research, jobs and policies in United States and other developed nations; concerns about protecting patents, retaining and training researchers and managing physical and cultural distances between China and headquarters threaten trend; graph of China's spending on applied research; photos (M)",2004-09-13T05:00:00+0000
,2004-09-14T05:00:00+0000
"Amazon.com plans to take aim at Google with advanced technology that company says will take Internet searches beyond mere retrieval of Web pages to let users more fully manage information they find; A9.com, start-up owned by Amazon, plans to make new version of its search service named A9.com available evening of Sept 15; service will offer users ability to store and edit bookmarks on A9.com central server computer, keep track of each link clicked on previous visits to Web page, and even make personal 'diary' notes on those pages for viewing on subsequent visits; A9.com chief executive Udi Manber, who created original A9 search service, comments; photo (M)",2004-09-15T05:00:00+0000
"Margo Jefferson Critic's Notebook column, first of occasional essays and pieces of criticism she plans to write about the avant garde (M)",2004-09-20T05:00:00+0000
Pfizer has begun advertising drive to inform consumer that it is not source of deluge of e-mail messages promoting its Viagra sex drug and to warn of dangers of ordering drugs from unlicensed online pharmacies; e-mail ads will not be part of drive; industry experts say spam backlash could be damaging e-mail advertising to formerly willing recipients as cost-effective marketing vehicle; e-mail advertising graph (M),2004-09-20T05:00:00+0000
"Small businesses, even fast-growing small companies, remain extremely cautious in how they add workers, calling into question belief that small companies are responsible for bulk of new jobs created in United States; both small companies and big corporations shed jobs from 2001 through 2003 and both are still wary about hiring; percentage of people who work at small companies has remained roughly constant over last decade; photos (special section, Small Business) (M)",2004-09-21T05:00:00+0000
,2004-09-22T05:00:00+0000
"Sharon Love, president at Promotion Network, is promoted to chief executive, succeeding Roger Winter, who becomes chairman; executive vice president Richard Feitler is promoted to president, succeeding Love; Penry Price is named Eastern sales director at New York office of Google, new post (S)",2004-09-23T05:00:00+0000
"Michelle Slatalla Online Shopper column on A9 from Amazon.com, search engine designed for shopper for big-ticket items purchased from Internet retailers; tracks personal search history so buyers can always recreate searches; drawing (M)",2004-09-23T05:00:00+0000
"Research analysts associated with five investment banks that managed Google's initial stock offering in August and forced it to lower offering price sharply release their first reports on company after required quiet period, valuing shares at more than 50 percent above offering price; stock price graph (M)",2004-09-29T05:00:00+0000
TV program Unscrewed is offbeat exploration of darker side of Internet culture; photo (m),2004-09-30T05:00:00+0000
"Vivismo plans to start Clusty, free, Internet consumer search service based on results from Yahoo's Overture engine; already offers search service for corporate customers, which clusters results into categories to make them easier to sort through; Clusty, which will be supported by advertising revenue, uses similar organizational structure; also presents series of tabs enabling user to see results from sources besides general Web; many search experts say clustering offers better way of looking at data than Google's page-ranking system (M)",2004-09-30T05:00:00+0000
"Halsey M Minor, founder of Cnet, one of more successful Internet enterprises of 1990's, plans to form $50 million venture fund, On Demand Venture Fund; will use only own money and invest in single category, firms that lease computer software over Internet; plans to invest between $500,000 and $20 million per start-up; strategy of making what he calls 'massive bets' on fledgling companies is astonishingly daring; his investment history noted; table of some of his winning and losing investments; photo (M)",2004-10-04T05:00:00+0000
"Success of Meetup Inc's Web site, which helps people with like interests find each other, has failed to spur rivals; company plans to revamp site, giving users bigger role in planning their offline meetings, to position it for further growth; continues to operate as if it is being pursued by competition; photo (M)",2004-10-04T05:00:00+0000
,2004-10-04T05:00:00+0000
"Private rocket ship called SpaceShipOne shoots into space and wins $10 million Ansari X aviation prize for its creators; craft reaches record altitude of 368,000 feet, or 69.7 miles, blasting past 337,600-foot altitude it reached last week; combination of rocket and glider was designed by Burt Rutan and financed by billionaire Paul G Allen, founders of Mojave Aerospace Ventures; private race for space has captured popular imagination, with its promise of wresting dream of human space flight away from NASA, which some private space boosters see as bloated and sluggish government monopoly; prize, which required two flights in two weeks, will be paid by special 'hole-in-one' insruance policy, common method of financing prize contests in which insurance company essentially bets against success; premium for policy was paid by Anousheh Ansari, telecommunications entrepreneur and board member of X Prize Foundation; $10 million award amounts to less than half of Allen's investment in project; photo (M)",2004-10-05T05:00:00+0000
,2004-10-05T05:00:00+0000
" Board Is Said Not to Vote On Chief's Plan for Lazard  The board of Lazard met in Paris but did not vote on a plan by its chief executive, Bruce Wasserstein, to take the firm public, two people close to the company said. Not all of the firm's working partners, who own 64 percent of the company, have signed off on the plan, they said.  ",2004-10-06T05:00:00+0000
"In August, in the days leading up to the Google public offering, David Menlow was among those warning investors that they should steer clear of the stock, which the company had declared worth $108 to $135 a share.     In one day, Mr. Menlow, president of the IPO Financial Network, a research firm, repeated the message no less than eight times in back-to-back TV appearances.  ",2004-10-06T05:00:00+0000
"Google Print, new search engine that allows consumers to search content of books online, may make it easier for publishers to sell books directly to consumers, sidestepping bookstores and online vendors like Amazon.com; publishers will be identified on page with search results, where they can easily insert themselves as one of links that users can use to buy books; do not have to pay to have their books included in Google's new program and will share in revenues Google generates by selling advertising on search pages; among participating publishers are Houghton Mifflin, Scholastic, Penguin, Warner Books and Hyperion; photo of Sergey Brin and Larry Page, Google founders (M)",2004-10-08T05:00:00+0000
 KPMG Divisions Agree To Settle Accounting Suits  The American and Belgian arms of KPMG International have agreed to pay $115 million to settle claims of accounting malpractice growing out of the collapse of a Belgian speech recognition software company.  ,2004-10-08T05:00:00+0000
"Mae Lee, like many other madams, coordinates her agency's business through cellphones and Internet; she operates her escort agency out of Jersey City apartment that she rented in old boyfriend's name; realm of dingy bordello and vengeful pimp is increasingly giving way to professionally run enterprises, many of them headed by women; her agency exists in netherworld created by cellphones, offshore Web servers and invented names; photo (M)",2004-10-12T05:00:00+0000
" Lobbying Frenzy Generates A Grab Bag of Tax Breaks  It was the biggest free-for-all in corporate lobbying that Congress has seen in nearly 20 years, and its final product was a tax bill, passed by the Senate on Monday, that offers giveaways to corporate titans like General Electric, shopping mall developers, wine distributors and even restaurants.    In Washington, the political logic of the process was in many ways predictable. What was not predictable was how brazen the frenzy would become. [Page A1.]    F.C.C. Fines Fox for Indecency  The Federal Communications Commission said it would fine 169 Fox television stations a total of $1.18 million for breaking indecency rules by showing an episode of ''Married by America.'' [C9.]    Federal Crackdown on Spyware  The Federal Trade Commission is going after spyware, bits of computer code that install themselves on the computers of Internet users to track or disrupt their online activities. Lydia Parnes of the commission's Bureau of Consumer Protection, left, announced a suit against one spyware distributor. [C10.]    Chiron Faces Government Inquiry  The Justice Department has started an investigation of Chiron, the company whose flu vaccine factory was shut down last week. [A14.]    Stocks Close Little Changed  The market opened lower but rebounded as oil prices eased. The Dow Jones industrial average fell 4.79 points, to 10,077.18, while the Standard & Poor's 500-stock index dropped 2.55 points, to 1,121.84. [C11.]    Medtronic to Pay $400 Million  A jury in Memphis said Medtronic's spinal products subsidiary should pay $400 million in punitive damages for violating agreements covering its use of surgical products invented by a doctor. [C10.]    Oracle Defends Motives in Court  The co-president of Oracle testified that its offer for PeopleSoft was more than a way to scare off a competitor's customers. [C10.]    Protest Over Boeing Contract  Lockheed Martin and BAE Systems filed protests over a contract to upgrade a transport plane that a former Air Force official has said was improperly awarded to Boeing. [C5.]    Court Upholds Phone Ruling  The Supreme Court upheld a decision that threw out federal regulations requiring regional Bell phone companies to lease access to their networks at discounted prices. [C11.]    Yahoo's Profit Nearly Triples  The $253 million profit by Yahoo met analysts' expectations and included $129 million related to its sale of shares in Google. Advertising, Yahoo's largest and fastest growing business segment, had a 212 percent increase in revenue from a year ago, defying worries that the market for Web ads had peaked. [C10.]    Lucrative Work in Tax Shelters  A tax partner in the Chicago office of a Dallas law firm earned about $19 million a year from 1999 through 2003 while designing and selling tax shelters, according to people who have seen related court documents. [C5.]  ",2004-10-13T05:00:00+0000
"Yahoo continued to ride growth of online advertising in third quarter, but more than half its profit in quarter came from success of its rival Google; reports profit of $253 million, nearly three times figure from year earlier; of that, $129 million came from its sale of Google shares during that company's initial public offering and tax breaks associated with sale; earned $124 million in quarter; revenue was $655 million, up 84 percent (M)",2004-10-13T05:00:00+0000
,2004-10-13T05:00:00+0000
"Hundreds of candidate-related domain names have been staked out by those hoping to cash in, either by selling items to people who stumble on sites or by selling domain names to candidates' parties; one monitoring service reports 871 registered Web addresses evoking Pres Bush's name and 733 using Sen Kerry's (M)",2004-10-14T05:00:00+0000
Google has just introduced its latest invention: software that applies its search technology to what is on your own hard drive.,2004-10-14T05:00:00+0000
,2004-10-14T05:00:00+0000
Michelle Slatalla Online Shopper column describes finding Halloween costume on Internet; Web sites noted; drawing (M),2004-10-14T05:00:00+0000
"Google introduces software that lets users search for files from their own computers, as well as Web, entering new area of competition with Microsoft; test version of Google Desktop Search feature is free and can be downloaded; MSN Internet unit of Microsoft is developing its own Web search engine (S)",2004-10-15T05:00:00+0000
" INTERNATIONAL   A3-11    Weapons Buyout Effort Is Accelerating in Iraq  Prime Minister Ayad Allawi ventured into the heart of Baghdad's hostile Shiite district to salute the Mahdi Army for surrendering more than 1,000 of its heavy weapons in return for cash. Officials said the buyout period would be extended and perhaps begun in other cities.   A1    Iraq's most-wanted militant has pledged his loyalty to Osama bin Laden, according to a message posted on Islamist Web sites. The militant, Abu Musab Zarqawi, is believed responsible for a number of bombings and beheadings.   A10    Little rebuilding has been done in some of the most heavily damaged zones of Najaf. The Iraqi government has taken over responsibility for the reconstruction, and both American and Iraqi officials say they have made recent progress in compensating people.   A11    Marines and Special Forces soldiers captured 17 men suspected of working with the insurgency, including a couple of midlevel leaders and a senior aide to a man believed to be organizing guerrillas.   A11    Referendum on Gaza Refused  Prime Minister Ariel Sharon of Israel rejected a demand by Jewish settler leaders that he hold a national referendum on his plan to withdraw from the Gaza Strip. Mr. Sharon says he sees no future for Jews in Gaza and intends to remove all 8,000 settlers next year.   A6    Vote in Belarus as Expected  Belarussians voted on a constitutional referendum that would allow their country's authoritarian president, Aleksandr G. Lukashenko, to seek unlimited terms in office. After a truncated campaign marred by harassment and corruption accusations, the result was considered a foregone conclusion.   A3    Militants Said to Use Drugs  Forensic analysis has determined that the militants who seized the school in Beslan last month were dependent on drugs. Russian law enforcement officials and politicians have said that those who plan such attacks use hard drugs to coerce suicide bombers or to induce a semi-alert state.   A8    Aristide Blamed for Violence  Haiti's interim prime minister, Gérard Latortue, accused the ousted president, Jean-Bertrand Aristide, of directing violence from exile. Meanwhile, 95 Chinese police officers arrived for China's first United Nations peacekeeping mission in the Western Hemisphere. They will train and provide security.   A3    Talks on Darfur Held in Tripoli  Leaders from Sudan and four regional states wound up a summit meeting in Tripoli with a joint statement rejecting any foreign intervention in the crisis-torn Sudanese region of Darfur.   A8    NATIONAL   A12-15    As Election Day Nears, New Legal Battles Begin  As the secretary of state of Ohio, J. Kenneth Blackwell, a Republican, has issued a series of rulings on obscure issues like provisional ballots, among others. Democrats sued to block a directive that they say will require election workers to reject thousands of registrations by first-time Democratic voters.   A1    Texas is the linchpin of the Republicans' national strategy to maintain or expand their slim hold on the House, with 5 of the 35 most competitive races in the country. How Texas Democrats threatened by redistricting fare may determine the shape of the Congress for years to come.   A1    Accusing President Bush of plotting to cut Social Security benefits, Senator John Kerry told voters in Florida and Ohio that Mr. Bush's plans for the retirement program could cost them as much as 45 percent of their monthly checks.   A15    Gov. Jeb Bush of Florida publicly ruled out running for president in 2008, quashing, for now, talk of putting a third Bush in the White House.   A15    Behind G.I.'s Defiance  The soldiers in Iraq who refused to deliver a shipment of fuel said their trucks were unsafe and lacked a proper armed escort. Their defiance has brought attention to the continuing problem of a lack of training, parts and equipment.   A1    Rosa Parks in a Legal Dispute  Rosa Parks is at the center of a legal controversy that her relatives say could taint her legacy. Ms. Parks's relatives have squared off against her lawyer and caretaker over who can best protect her interests, and whether lawsuits filed on her behalf protect or trivialize her name.   A12    Waste Vote's Effect  Washington voters are likely to approve a ballot question to tell the federal government not to truck more radioactive waste to the Hanford Nuclear Reservation. The question is what happens when the measure passes.   A12    NEW YORK/REGION   A17-18    Montclair and School Try To Cope With Rape Charge  The residents of Montclair, N.J., and students at its high school have been struggling to sift through the fallout in the two weeks since a 15-year old girl reported she was raped by two players on the school's football team.   B1    End of Trail for Theme Park  Frontier Town, a once popular Western theme park in North Hudson, N.Y., is being sold off. The stagecoaches, trains and covered wagons drew bids from more than 500 people on Oct. 9 and 10.   B3    Neighbors Support Workers  Community groups in New York are pioneering neighborhood-based efforts to improve the lot of workers from Greenwich Village to Park Slope.   B1    SPORTSMONDAY   D1-11    Boston Stays Alive  The Red Sox's David Ortiz hit a two-run home run in the bottom of the 12th inning to stave off elimination with a win over the Yankees, 6-4, in the American League Championship Series.   D1    Astros Tie Series  On the strength of Carlos Beltran and a tireless bullpen, the Houston Astros came back from a three-run deficit, and as a result they have come back from a two-game deficit in the National League Championship Series. Houston edged St. Louis, 6-5, in Game 4. The series resumes at Minute Maid Park on Monday night.   D1    ARTS   E1-10    OBITUARIES   B7    Pierre Salinger  The debonair, half-French investigative reporter who became famous as John F. Kennedy's White House press secretary at the height of the cold war and went on to work as a prize-winning television correspondent for ABC News in Europe, he was 79.   B7    BUSINESS DAY   C1-16    A Look Inside Marsh E-mail  Several years ago, the manager of an insurance company received an e-mail request from a counterpart at Marsh & McLennan, asking the company to send someone to a meeting to pretend to make a bid for a policy. The message, disclosed as part of a lawsuit asserting that Marsh Inc. cheated customers, even made a joke about creating an illusion of competition.   C1    Complicated Exit at Disney  Just when it appeared Michael D. Eisner, the chief executive of the Walt Disney Company, could begin enjoying the company's turnaround and his final years in charge, a lawsuit threatens to dredge up embarrassing details of his two-decade reign and complicate his exit.   C1    Big Spending for Oscar Ads  The Academy Awards are four months away, but studios are already placing ads positioning their films. The ads are expected to herald a wide-open and expensive Oscar season.   C1    Google Combats Rivals  Propelled by Google envy, new players and Internet industry giants are rushing into the online search market, setting off a burst of activity that contrasts sharply with the lull after the dot-com collapse.   C1    Business Digest   C1    EDITORIAL   A16-17    Editorials: The Middle East awaits; allegations of electoral crimes; Adam Cohen on President Bush and the Supreme Court.    Columns: William Safire and Bob Herbert.    Autos   D11  Bridge   E8  Crossword   E6  Metro Diary   B2  TV Listings   E9  Weather   B6  ",2004-10-18T05:00:00+0000
"New players and Internet industry giants are rushing into online search market, and Google is furiously stepping up efforts to add new services to fend off challengers; some experts say Google may be vulnerable because search market will increasingly be shaped by brand and other non-technology factors, shift that may play to advantage of larger competitors like Microsoft and Yahoo; other analysts see rapid growth of online advertising linked to search results leaving room for both small and large competitors; photo (M)",2004-10-18T05:00:00+0000
"So-called 'suicide sites' on Internet are bringing together Japanese people who are contemplating taking their own lives; sites contain advice on methods and 'proper' places to commit suicide, and bring together strangers for group suicides; although toll of 34 Internet-related suicides was only tiny fraction of suicides recorded in Japan last year, there were disturbing trends; Internet suicide victims tend to be in their 20's, far younger than most Japanese suicide victims; free speech laws leave police largely powerless to curb sites, but psychiatrists and social workers are starting to speak out (M)",2004-10-18T05:00:00+0000
"Internet advertisers face click fraud, in which scam artists, automated scripts and even underhanded competitors click on their ads with no intention of buying, running up fees advertisers pay to host sites; it is nearly impossible to pin down precisely how widespread click fraud has become; drawing (M)",2004-10-18T05:00:00+0000
"Travel search engines like Kayak.com search numerous e-travel agency sites, as well as airline, hotel and car rental company sites, to find and highlight best prices for customers; some travel agencies and suppliers do not want their sites scanned, arguing services should not be compared on price alone; Travelocity says it will ask Kayak to stop posting its fares; photo (M)",2004-10-18T05:00:00+0000
,2004-10-20T05:00:00+0000
,2004-10-20T05:00:00+0000
David Pogue State of the Art column on Google's Desktop Search software for searching all data stored on personal computer; drawing (M),2004-10-21T05:00:00+0000
"Ned Vizini and Adam Collett create world of tongue-in-cheek Web sites to promote Vizzini's book Be More Chill, about tiny ingestible supercomputer that gives instant advice about being cool; photo (M)",2004-10-21T05:00:00+0000
"In this lesson, students interpret a graph representing rising college tuition costs, then collect data on college tuition changes in the United States by region and create their own graphs. For homework, they make predictions about future tuition prices.",2004-10-21T05:21:00+0000
"Google reports its profit and revenue more than doubled in first quarter after its initial public offering; third-quarter net income was $52 million compared with $20.4 million year earlier; revenue increased 105 percent, to $805.9 million, from $393.9 million; company's stock closes up $8.89, or 6.33 percent, to $149.38, and gains another 8.25 percent, to $161.70, in after-hours trading; price is nearly double initial offering of $85 per share in mid-August; chief executive Eric Schmidt comments; graphs; photo (M)",2004-10-22T05:00:00+0000
"Amazon.com says profit more than tripled during third quarter; income was $54.1 million, up from $15.6 million year earlier; revenue rose to $1.46 billion from $1.13 billion last year, increase of about 29 percent; net sales grew 24 percent compared with 2003; founder-chief executive Jeffrey P Bezos comments; photo (M)",2004-10-22T05:00:00+0000
" INTERNATIONAL   A3-11    Iraqi Insurgency Seen In Different Light  Senior American officials are painting a new portrait of the insurgency that has continued to inflict casualties on American and Iraqi forces, presenting new estimates on the organization, numbers and resources of an evolving enemy.   A1    Defense Secretary Geoff Hoon of Britain said 850 British troops in southern Iraq would replace American fighting units that are expected to mount an assault on Iraqi insurgents near Falluja.   A8    The senior United Nations official in Iraq says his staff and the Iraqi government have assembled a list of nearly 14 million Iraqi voters, set up 550 voter registration sites around the country and hired 6,000 people to operate them for the elections scheduled to be held in three months.   A1    A top Defense Department official misrepresented to Congress the view of American intelligence agencies about the relationship between Iraq and Al Qaeda, according to a report by a Senate Democrat.   A10    A training session for the Iraqi judges and prosecutors slated to try Saddam Hussein ended with both the Iraqis and their Western advisers agreeing that the Iraqis are unprepared to tackle full-fledged trials any time soon.   A11    A military court sentenced Staff Sgt. Ivan L. Frederick II, 38, to eight years in prison for abusing Iraqi prisoners. Two others have been convicted.   A8    Times Employee Is Arrested  The Chinese authorities formally arrested a researcher in the Beijing bureau of The New York Times on charges of revealing state secrets to foreigners.   A6    Airstrike Kills Hamas Leader  An Israeli airstrike in Gaza City killed a Hamas weapons maker who was responsible for some of the group's most powerful bombs and its rockets, Israel's military said.   A4    NATIONAL   A12-21    New Justice May Emerge After Presidential Election  With the nation preparing to elect a president who will almost certainly have an opportunity to name at least one Supreme Court justice, Democrats and Republicans remain fixed in their positions over who belongs on the bench.   A1    Senator John Kerry hunted geese in Ohio, in a campaign stop that was part of a longtime effort to appeal, as a fellow sportsman, to rural, blue-collar voters.   A18    President Bush campaigned in Pennsylvania, seeking support from Roman Catholic voters and mocking Mr. Kerry's health care plan as an ''overpriced albatross.''   A18    6 Close Races for Governor  Indiana, Missouri, Montana, New Hampshire, Washington and Utah have become battlegrounds in governors' races as voters wrestle with local issues like education, energy, wages and unemployment.   A16    Woman Dies in Boston Melee  A 21-year-old woman died of injuries sustained after being shot in the eye by a police projectile intended to subdue an unruly crowd outside Fenway Park after the game.   B8    WEEKEND   E1-32;E33-44    SCIENCE/HEALTH    Doubt Arises on Flu Shots  Local and state health officials are complaining that their federal counterparts have given them almost no information to deal with the shortage of flu vaccines, and many doubt the assurances that adequate supplies will become available.   A12    New Ways of Handling Autism  More families with autistic children are finding that techniques that have proved successful in the classroom can be tried at home to help the children learn and to improve quality of life for the rest of the family.   A1    NEW YORK/REGION   B1-9    Largest Ferry Operator Cites Financial Trouble  The largest company providing ferry service in the metropolitan region has told transportation officials that it is in financial trouble and may be unable to continue providing service to its 38,000 daily commuters.   A1    State Races Tout Reform  The battle for an open New York State Senate seat in the Bronx has the two main candidates sparring over who is better suited to overhaul the way things are done in Albany.   B1    Billionaire Fights Cafe Plan  A celebrity hangout on the Upper East Side received a permit for an outdoor cafe despite the opposition of the financier Ronald O. Perelman and neighbors. The opponents, however, have won a delay.   B1    Murder Conviction Overturned  Five New York State appellate judges citing new evidence unanimously overturned the conviction of David Wong, who has spent 17 years in prison for murder.   B2    Long Island Judge Censured  The New York State Commission on Judicial Conduct censured a Long Island judge for ruling on various cases involving a woman with whom he was romantically involved.   B5    ESCAPES   F1-14    OBITUARIES   B10    SPORTSFRIDAY   D1-8    Cardinals Head to World Series  St. Louis beat the Houston Astros, 5-2, to win the National League Champsionship. They will face the Boston Red Sox tomorrow.   D1    Gymnast to Keep Gold Medal  The Court of Arbitration for Sport dismissed the appeal by a South Korean gymnast, allowing the American Paul Hamm to keep his medal.   D6    BUSINESS DAY   C1-8    Spitzer Eyes Music Industry  Four record companies were served subpoenas by Eliot Spitzer, the New York State attorney general, as part of an investigation into the industry's practices for influencing which songs are heard on the radio, people involved in the investigation said.   C1    More Trouble for A.I.G.  The American International Group disclosed that it was the target of a federal grand jury investigation in Indiana over its role in helping a Midwest cellphone distributor cover up millions in business losses.   C1    Ultimatum Within Lazard  Lazard's chairman, Michel David-Weill, gave his consent to a proposed initial public offering, along with a demand that if Bruce Wasserstein, who runs Lazard and is leading the push for the offering, is unable to pull it off within nine months, he must resign.   C1    Google's Profits Double  Google more than doubled its revenue and profit in its first quarter after its initial public offering.   C1    Business Digest   C1    World Business   W1    EDITORIAL   A22-23    Editorials: Iran's nuclear threat; rethinking Texas' redistricting; treating mentally ill prisoners; curses.    Columns: Bob Herbert, Paul Krugman.    Crossword   E43  TV Listings   E30-31  Public Lives   B2  Weather   C8  ",2004-10-22T05:00:00+0000
Article on Internet sites devoted to memes term coined by Richard Dawkins in his 1976 book The Selfish Gene; memes are infectious ideas or any other things that spread by imitation from person to person; list of Web sites that track memes (M),2004-10-26T05:00:00+0000
" INTERNATIONAL   A3-12    U.S. Ruling Alters Status Of Some Iraq Detainees  A new legal opinion by the Bush administration has concluded for the first time that some non-Iraqi prisoners captured by American forces in Iraq are not entitled to the protections of the Geneva Conventions, administration officials said.   A1    Iraqi officials opened an investigation into the role played by infiltrators in the ambush on Sunday that left 49 Iraqi national guard trainees dead amid growing indications that insurgents are being supplied inside information about the movements of Iraqi security forces. Meanwhile, fresh violence in Baghdad struck coalition troops.   A11    Sharon Opens Gaza Debate  Prime Minister Ariel Sharon opened a two-day parliamentary debate with a vow to see through his controversial plan to unilaterally remove all 21 Israeli settlements from the Gaza Strip. Mr. Sharon's speech was greeted with noise and catcalls, but Mr. Sharon is expected to prevail in the vote this evening.   A3    China May Reopen Rights Talks  Secretary of State Colin L. Powell, following a morning of meetings with Chinese leaders, said China had agreed to discuss the American request for a new dialogue over the detention of Chinese citizens without due process and other human rights violations.   A7    Mystery of Mexican Murders  A federal report found little evidence that most of the scores of women who have been murdered around Ciudad Juarez over the last decade were victims of gangsters or serial killers, as many women's groups contend. The report immediately drew fire from women's groups in the city.   A8    Spain Blames Syrian in Attack  A Syrian jailed since 2001 and thought to be a major operative for Al Qaeda, Imad Eddin Barakat Yarkas, also known as Abu Dahdah, was identified as the prime mover behind the March 11 terror attacks in Madrid, a high-ranking intelligence official told the Spanish Parliament.   A8    NATIONAL   A14-23    White House Addresses Missing Explosives in Iraq  The White House sought to explain the disappearance in Iraq of 380 tons of high explosives that American forces were supposed to secure as Senator John Kerry seized on the missing cache as ''one of the great blunders of Iraq'' and said President Bush's ''incredible incompetence'' had put American troops at risk.   A1    Campaigning with Senator John Kerry in Philadelphia, former President Bill Clinton told a crowd of 80,000 that ''in eight days, John Kerry's going to make America the Comeback Country.''   A1    Justice Rehnquist Hospitalized  The Supreme Court announced that Chief Justice William H. Rehnquist, 80, has been hospitalized since Friday for treatment of thyroid cancer and has undergone a tracheotomy in connection with the disease.   A1    Immigration Measure in Arizona  A proposition before Arizona's voters would require proof of citizenship when registering to vote and would deny illegal immigrants public benefits that are not federally mandated. Opponents contend that the measure will increase bureaucracy and violate privacy rights.   A14    Parties Collect $1 Billion  The Republican and Democratic parties raised more than $1 billion through mid-October, beating their total during the same period in the 2000 election, when the parties could accept soft money.   A21    State Hate-Crime Law Revoked  The Georgia Supreme Court unanimously struck down the state's 4-year-old hate-crimes law, saying it was ''unconstitutionally vague.''   A18    Scientist Faults Administration  A top NASA climate expert who twice briefed Vice President Dick Cheney on global warming plans to criticize the administration's approach to the issue and say a senior administration official told him not to discuss dangerous consequences of rising temperatures.   A22    NEW YORK/REGION   A25-26    In Testimony, Lawyer Denies Aiding Terrorism  Lynne F. Stewart, after sitting silently for four months while federal prosecutors portrayed her as an accomplice to her terrorist clients, spoke at her Manhattan trial for the first time, saying she was a ''very, very adversarial'' lawyer but had never crossed the line to aid violence.   A1    Expanding DNA's Horizons  The New York Police Department has been testing the use of DNA in investigating crimes other than rape and homicide since January. So far, it has identified 23 suspects in 34 cases, most of them burglaries that the police say would not otherwise have been solved.   B1    Platform for Urban Women  Miss Subways has returned, in a revival of a contest that wilted in 1976, to celebrate the 100th anniversary of the New York City subway system. But please -- it's Ms. Subways now.   B4    FASHION   B9    SPORTSTUESDAY   D1-7    ARTS   E1-8    OBITUARIES   C18-19    SCIENCE TIMES   F1-12    Heart Attacks Linked to Traffic  Sitting in traffic nearly triples the risk of suffering a heart attack a short time later, according to a study published last week. The heightened risk may be a result of exposure to airborne pollutants that inflame the lungs and damage arteries, but the emotional stress could also be a factor.   F9    Health & Fitness   F5    BUSINESS DAY   C1-19    Marsh's Chief Resigns  Jeffrey W. Greenberg, the chief executive and chairman of the Marsh & McLennan Companies, resigned, less than two weeks after his company was accused of cheating customers. Eliot Spitzer, the New York attorney general, said in the wake of Mr. Greenberg's departure that he would not bring criminal charges against Marsh.   A1    Michael G. Cherkasky, Marsh's new chairman and chief executive, has no previous experience in the insurance business.   C1    Merger Creates Steel Giant  Wilbur Ross, whose buyout firm created International Steel less than two years ago, is selling the company to Lakshmi N. Mittal, the billionaire steel tycoon, for $4.5 billion.   C1    Growing, but Not Booming  The profit report cards last week looked good both for old-line stalwarts of technology like I.B.M. and Microsoft and for newcomers like eBay, Amazon.com and Google, but analysts have modest expectations for the technology recovery.   C1    Business Digest   C1    World Business   W1    EDITORIAL   A24-25    Editorials: Election Day mischief; making things worse; for Congress from Connecticut.    Columns: Paul Krugman, David Brooks.    Crossword   E8  Public Lives   B2  TV Listings   B9  Weather   D8",2004-10-26T05:00:00+0000
,2004-10-26T05:00:00+0000
"Profit reports for many technology companies look good for old-line stalwarts of technology and for newcomers, but it is a recovery of seemingly dimished expectations; research firm IDC estimates worldwide growth in spending on information technology through 2008 to be 6.5 percent a year, one and a half times world economic growth over all; companies can do with less, typically by using smaller building blocks of hardware and software, a shift made possible by steady improvement of technology from personal computing and Internet; graph (Market Place column) (M)",2004-10-26T05:00:00+0000
,2004-10-28T05:00:00+0000
Gmail Drive stores data files on Google Gmail servers; photo (S),2004-10-28T05:00:00+0000
"Three new online companies, Cairo.com, ShopLocal.com and StepUp.com, offer Web sites that enable consumers to compare prices at their local brick-and-mortar stores; most existing shopping-comparison sites cover only online stores and are limited by fact that online shopping accounts for only about 7 percent of all consumer purchases; table of results of shopping preference survey; photo (M)",2004-11-01T05:00:00+0000
"Jason Zinoman reviews one-man show Googlewhack! Adventure, written and performed by Dave Gorman; photo (M)",2004-11-05T05:00:00+0000
"Microsoft is planning to introduce its long-awaited Internet search engine on Thursday, a person knowledgeable about the announcement said.    Word of the introduction of the service, which will compete with Google and Yahoo, was leaked on Tuesday after the company began phoning reporters offering briefings for Wednesday. A company spokeswoman declined comment on the announcement.  ",2004-11-10T05:00:00+0000
"Microsoft unveils its long-planned response to Google and Yahoo in Internet search industry, but with uncharacteristically soft-sell approach; debut, taking form of test site, is stark contrast to high-profile introduction Microsoft made of its Internet Explorer browser nine years ago; Microsoft director Adam Sohn says intention is not to compete with Google, but insted to 'delight' its own customers (M)",2004-11-11T05:00:00+0000
Joyce Wadler column on lavish gifts for wedding of Star Jones and Al Reynolds; interviews veteran reporter Helen Thomas about asking tough questions at press conferences (M),2004-11-12T05:00:00+0000
"Campaign to Africanize cyberspace calls for languages spoken throughout African continent to be available on computers; Nigerian Runde Adegbola, African Languages Technology Initiative executive director, stresses importance of establishing technology that will allow minority languages to not just survive, but florish; linguists working in Africa see computer as tool to preserve spoken languages; Unesco estimates that 90 percent of world's 6,000 languages are not on internet and that every two weeks one language ceases to exist; not all languages can be easily adapted to computers; techniques, like voice recogition software and modified keyboards are already being developed; Microsoft's interest and efforts in Africa discussed (M)",2004-11-12T05:00:00+0000
"Shares rise, sending S&P 500-stock index to its highest close in more than three years and putting Dow Jones industrial average into positive territory for 2004; S&P 500 rises 10.57 points, to 1.173.48; Dow Jones industrial average adds 84.36 points, to close at 10,469.84; Nasdaq composite index rises 26.71 points, to 2,061.71; graph shows Dow (M)",2004-11-12T05:00:00+0000
" INTERNATIONAL   A3-12    Falluja Rebels Routed As Mosul Revolt Intensifies  American forces overran the last center of rebel resistance in Falluja after a weeklong invasion that smashed what they called the principal base for the Iraqi insurgency. But the assault's overwhelming firepower left large swathes of the city in smoking ruins.   A1    Battles erupted between insurgents and American and Iraqi forces in Mosul, and American armored vehicles encircled a town near the Syrian border where the revolt had spread, prompting residents to flee. The fighting marked the fourth day of an uprising that has decimated the police forces and opened up a northern front as the Americans fought in Falluja, 250 miles south.   A12    A hospital in Germany has again become the first destination for most troops wounded in Iraq. It has expanded its intensive care unit, brought in extra nurses and doubled up doctors on shifts. Most new patients were wounded in the Falluja operation.   A11    Violence at Arafat Memorial  A group of Palestinians unleashed bursts of gunfire as Mahmoud Abbas, the most likely successor to Yasir Arafat, arrived at a mourning service for Mr. Arafat in Gaza City. Mr. Abbas was not hurt. The Palestinian leadership announced that elections would be held on Jan. 9.   A1    New Nuclear Pledge From Iran  The governments of France, Germany and Britain are studying a letter delivered by Iran in which it pledged to suspend uranium enrichment activities temporarily in exchange for economic and political incentives. It was unclear whether Iran had agreed to all the conditions set out or had inserted new conditions that could not be accepted.   A6    Rumsfeld Views Panama Canal  Defense Secretary Donald H. Rumsfeld inspected the Panama Canal and praised efforts by the government there to guard it from terrorist attack.   A9    NATIONAL   A15-19    Democrats' Slide in South Erodes Political Center  Only 4 of the 22 senators from the 11 states of the old Confederacy will be Democrats in the new Congress, the fewest since Reconstruction. Analysts say their decline could intensify the divisions on Capitol Hill.   A1    Republicans expanded their majorities in the House and Senate for the term beginning in January, but the post-election session will be the domain of the current Congress, with its much smaller divide in the Senate.   A18    Cubans Seek Asylum in the U.S.  Forty-four Cuban dancers, singers and musicians, in Las Vegas to stage a revue, plan to seek political asylum in the United States, members of the troupe said. It would apparently be the largest mass defection of Cuban performers ever.   A15    New Lincoln Museum in Illinois  Springfield, Ill., is honoring Abraham Lincoln nearly a century and a half after his death with what promises to be a spectacular and perhaps controversial museum.   A15    University Presidents' Pay  The earnings of many top university presidents are spiraling toward $1 million a year and rising far more quickly than faculty salaries.   A17    Frist Puts Onus on Specter Senator  Bill Frist, the Republican majority leader, said that Senator Arlen Specter must convince his fellow Republicans that he deserves to be chairman of the Senate Judiciary Committee.   A18    SCIENCE/HEALTH    F.D.A. to Combat Counterfeits  The Food and Drug Administration and several major drug makers are expected to announce an agreement to put tiny radio antennas on the labels of millions of medicine bottles to combat counterfeiting and fraud.   A1    NEW YORK/REGION   B1-8    New York Republicans Do Some Soul-Searching  Republican members of Congress from New York have taken the unusual step of publicly criticizing the Republican party and questioning Governor Pataki's leadership, igniting a fight over the direction the party should take.   B1    Muslim Film Finally Opens  The American premiere of the animated feature ''Muhammad: The Last Prophet,'' marked the end of the film's five-year journey to commercial theaters in the United States.   B1    Codey Sworn In in New Jersey  Richard J. Codey, the president of the New Jersey State Senate, was sworn in as acting governor of New Jersey at a private ceremony at his home.   B8    Neediest Cases   B4    SPORTSMONDAY   D1-9    ARTS   E1-12    P.S. 122 Names Director  Vallejo Gantner, a 30-year-old Australian director with a sizable international résumé, has been chosen as the next artistic director of Performance Space 122, a bastion of avant-garde theater and dance in the East Village.   E3    Venice Theater Reopens  Venice's legendary Teatro La Fenice reopened with a new production of ''La Traviata'' after having been destroyed by fire on the night of Jan. 29, 1996.   E3    OBITUARIES   B9    Dr. Arthur H. Robinson  A geographer who improved on the venerable Mercator projection for drawing the round Earth on a flat map, he was 89.   B9    BUSINESS DAY   C1-12    Dow Jones in Web News Deal  Dow Jones is set to announce today that it will pay about $486 million for the parent company of CBS MarketWatch, a business news site, giving it a broader online reach and a source of advertising revenue.   C1    Net Analysts on the Rise  As the stock prices of companies like Google and eBay have soared this year, the influence of two big-name equity analysts on Wall Street has followed suit.   C1    Google Investors Await Fate  Google insiders will be permitted to sell as many as 39 million shares tomorrow.   C1    Perrigo Is Set to Buy Agis  Perrigo plans to announce that it will buy Agis Industries for $818 million in cash and stock.   C2    Warner Brothers Bets Big  Warner Brothers, which spent hundreds of millions of dollars to open five films during the holiday season, has had a disappointing start in its sprint to the end of the year.   C1    Business Digest   C1    EDITORIAL   A20-21    Editorials: The larger battle in Iraq; end run toward a U.N. cloning ban; Adam Cohen on the Democrats and linguistics.    Columns: William Safire and Bob Herbert.    Autos   D10  Bridge   E10  Crossword   E4  Metro Diary   B2  TV Listings   E11  Weather   A14",2004-11-15T05:00:00+0000
"Tacoda, online marketing company, creates network of 60 Web sites, including USA Today.com and Tampa Tribune Web site, that lets members display ads to individual users based on how they surf through network; service, Audience Match, seeks to avoid privacy concerns by not identifying who surfers are, just where they visit; photo (M)",2004-11-15T05:00:00+0000
"Outlook for Google stock, which has more than doubled in three months since public offering, discussed in light of fact that Google insiders will soon be permitted to sell as many as 39 million of their shares; only about 7 percent of Google stock, 19.6 million shares, was sold in IPO; graph of when shares held by insiders will be available for public sale; drawing (M)",2004-11-15T05:00:00+0000
"Soaring stock prices of companies like Google and eBay are reviving careers of Internet analysts like Mary Meeker of Morgan Stanley and Anthony J Noto at Goldman Sachs; both analysts survived New York Atty Gen Eliot Spitzer's probe into research abuses by holding stubbornly true to their beliefs, even as their stocks plunged; that resilience is paying off as Internet stocks they follow and outlook for new investment banking deals are on upswing; photos (M)",2004-11-15T05:00:00+0000
"Until two weeks ago, Ellen Simonetti worked as a flight attendant for Delta Air Lines, doing her best to project the image of a stewardess from a bygone era. ''In the past people expected flight attendants to be young and attractive,'' Ms. Simonetti, a 29-year old blonde, said from her home in Austin, Tex. ''Maybe I represent the flight attendants of the past.''    But it is Ms. Simonetti's very 21st-century activities that she says prompted Delta management to ground her, suspending her from flying in September and then firing her a month later.   ",2004-11-16T05:00:00+0000
"Murray Chass On Baseball column discusses Anaheim Angels owner Arte Moreno, who wants to widen team's appeal and fanbase by changing name to Los Angeles Angels; photo (M)",2004-11-16T05:00:00+0000
"Some Silicon Valley executives assemble for series of 'Charlie Rose' TV interviews whose theme seemed to be that region is once again buzzworthy; luminaries include chief executives of Google, Genentech, Cisco Systems, Hewlett-Packard Co and Yahoo; photo (M)",2004-11-17T05:00:00+0000
Architect Clive Wilkinson's describes his annex for Fashion Institute of Design and Merchandising in Los Angeles (Currents: Los Angeles) (S),2004-11-18T05:00:00+0000
 2 Money Managers to Pay $80 Million in Settlement  The founders of the money management firm Pilgrim Baxter & Associates agreed to each pay $80 million to settle a longstanding complaint that they improperly profited by allowing some investors to trade rapidly in and out of the company's mutual funds.  ,2004-11-18T05:00:00+0000
Google Inc plans to announce it is adding new search service aimed at scientists and academic researchers; Google Scholar is result of company's collaboration with number of scientific and academic publishers and is intended as first stop for researchers looking for scholarly literature (M),2004-11-18T05:00:00+0000
Correction of Nov 18 article about Google plan for search service aimed at scientists and academic researchers; online newspaper name noted,2004-11-19T05:00:00+0000
Corrections: For the Record,2004-11-19T05:00:00+0000
"America Online puts new emphasis on luring users to free Web sites supported by advertising, reversing strategy that sought to sell users new pay services; risks accelerating loss of paying subscribers while offering free services; boldest effort in new strategy will come with new version of AOL.com Web site, advertising-supported Web portal that will seek to compete with Yahoo and MSN; AOL's failure to keep pace in Internet advertising has been especially painful, given that company virtually invented online advertising business and dominated it until 2001; photo; drawing; graph shows decline of AOL subscribers (M)",2004-11-22T05:00:00+0000
"Google doubles, to more than eight billion, the number of Web pages its search engine can find; announcement comes one day before Microsoft introduces its search engine, which has indexed about five billion pages; graph (S)",2004-11-22T05:00:00+0000
"And now, a most heartwarming question from the Pogue feedback board:",2004-11-23T05:00:00+0000
"Article on current fixation on Alexander the Great, subject of new movie by Oliver Stone, History Channel and Discovery Channel documentaries and several books; photos (M)",2004-11-26T05:00:00+0000
"Congress cuts budget for National Science Foundation, engine for research in science and technology, just two years after endorsing plan to double amount given to agency by 2007; Rep Vernon J Ehlers calls cut short-sighted; David M Stonner, director of Congressional affairs at science foundation, warns of impending period of austerity in research; graph (M)",2004-11-30T05:00:00+0000
"Consumers will be entitled to free credit report every year from each of three big credit reporting bureaus that maintain them under federal approved year ago; industry is not necessarily going to make it easy, given that selling reports, as well as ancillary services, has become lucrative business; law entitling consumers to free credit reports will be rolled out in phases: residents of 13 Western states, including California, can get free reports beginning Dec 1; New York, New England and Mid-Atlantic states will be in last phase, which takes effect Sept 1; credit bureaus Equifax, Experian and TransUnion all plan to offer fee-based products to people when they order free report; map; photo (M)",2004-11-30T05:00:00+0000
One way to tranfer files from an old machine to a new one is both low-tech and high-tech: e-mail the files to yourself from the old computer.,2004-12-01T05:00:00+0000
 Justices Hear Arguments On Bankruptcy and I.R.A.'s  The Supreme Court heard arguments in a case that may determine whether bankruptcy protection covers individual retirement accounts.  ,2004-12-02T05:00:00+0000
"A report on ""60 Minutes"" puffed up a musical prodigy's ability to crash a computer.",2004-12-02T05:00:00+0000
"Profile of Umang Gupta, chairman and chief executive of Keynote Systems, based in San Mateo, Calif; Keynote helps large businesses manage the efficiency of their Web sites; Gupta comments on acquisition of Vividence Co, leader in field of online user behavior research; says last four years have been spent restoring nearly $20 million in annual revenues lost after dot-com bubble burst; photo (M)",2004-12-02T05:00:00+0000
"Google and Microsoft separately plan to introduce enhanced information sharing services for Internet users; Microsoft plans for first time to offer service called MSN Spaces, which will allow users to create personal Web logs, or blogs; will also offer updated version of company's instant messaging program; Google is bringing out second version of its Google Groups service, based on Usenet, online message archive, which it acquired in 2001; new version of Groups is intended to make it easier for Internet users to manage lists for online discussion groups and create both public or private discussion groups on any topic (M)",2004-12-02T05:00:00+0000
"China seen likely to continue pursuing sometimes competing goals of strategically deploying Internet to economic advantage, while clamping down on undesirable content and use; China has some 90 million Internet users; 90 percent of its total population of around 1.3 billion are not online and represent vast, untapped market; photo; drawing (M)",2004-12-06T05:00:00+0000
"Dr Richard Friedman article on psychological factors behind shopping for perfect holiday gifts (Special section, Retail) (M)",2004-12-07T05:00:00+0000
"Libraries are breaking free of physical limitations by making materials and services available online; New York Public Library offers 3,000 titles to cardholders, which can be borrowed for set periods by downloading on computer, hand-held organizer or other device using free reader software; when they are due, files are automatically locked out and returned to circulation; systems from other libraries described; photos (M)",2004-12-09T05:00:00+0000
Yahoo says it will soon offer its users software they can use to comb through their e-mail messages and files on their desktops; will offer its users version of software package from X1 Technologies (S),2004-12-10T05:00:00+0000
Trial is set to begin in Geico lawsuit accusing Google of trademark infringement for allowing competing insurance companies to buy ads linked to searches for 'Geico' and 'Geico Direct'; outcome should help define how companies in Internet search business make their money; photo (M),2004-12-13T05:00:00+0000
" Some Online Sites Falter During the Holiday Rush  Some big online shopping sites, including Amazon, Kmart.com and L.L. Bean, have had critical breakdowns during the holiday rush, effectively turning away thousands of customers and doing potentially hurting revenues.     While analysts believe that most e-commerce sites have improved their performance, the glitches are a harsh reminder that online retailing is still in its early days. Bob Tedeschi: E-Commerce Report. [Page C8.]    Technology Magazine Gets Remake  The MIT Technology Review, which was introduced in 1899, is getting a makeover to help attract readers and advertisers. Jason Pontin, the editor in chief, right, has remade the Review for more sober times. ''We're working as hard as we can to get to break-even,'' said R. Bruce Journey, left, who is with the nonprofit company that publishes the magazine. [C4.]    A Shortage of PlayStation 2  A global shortage of the Sony PlayStation 2 video game consoles has left retailers scrambling to keep up with demand. [C4.]    Court Case Pits Google and Geico  A federal judge will hear opening arguments today in a case that pits Geico against Google. Geico sued Google in May for trademark infringement. A final ruling will help define how companies in the red-hot Internet search business make their money. Advertising. [C10.]    Man About Town at Home on Sirius  Robert Evans, the fabled Hollywood producer and man about town, will be enjoying his latest gig, as a satellite radio talk-show host, from the comfort of his home. Mr. Evans, 74, has signed on to be the anchor of a weekly program, ''In Bed with Robert Evans,'' for Sirius radio subscribers. ''The things I'm going to talk about are not going to be rebroadcast on the Disney channel, I promise you,'' Mr. Evans said. [C9.]    TiVo Moves to Protect Its Name  TiVo, the digital recording device and service, has recently stepped up efforts to police how its trademark is used. The company has begun sending letters to news organizations whenever it sees the term misused. [C9.]    A Salary Question at Miramax  Miramax Films is seeking compensation from the former head of its Italian unit, claiming that the executive, a friend of the company's co-chairman, also held another job. [C2.]    Cost Overruns for New Airbus Jet  Airbus said that development costs for the A380, the large passenger jet, would exceed budgets by 5 percent to 15 percent. [C2.]    Wal-Mart Sued Over Song Lyric  A lawsuit filed by a Maryland couple accused Wal-Mart Stores, which promotes itself as a seller of clean music, of deceiving customers by stocking compact discs by the rock group Evanescence that contain an obscenity. [C8.]    A New Leader at the Box Office  The new release ''Ocean's Twelve,'' topped the box office this weekend, followed by ''Blade: Trinity.'' [E2.]  ",2004-12-13T05:00:00+0000
"Google, operator of world's most popular Internet search service, will convert holdings of nation's leading research libraries and Oxford Univ into digital files that would be freely searchable over Web; Google's collaboration with research libraries at Harvard, Univ of Michigan, Stanford and New York Public Library, to be formally announced on Dec 14, is seen as major stride toward long-predicted global virtual library; goal is to expand Web beyond its current body of material and create digital card catalog and searchable library for world's books, scholarly papers and special collections; Google, newly wealthy from its stock offering, agrees to underwrite projects while also adding its own technical abilities to task of scanning and digitizing tens of thousands of pages a day at each library; librarians predict project could take at least decade, at cost estimated at $10 for each of more than 15 million books and other documents covered in agreement; photo (M)",2004-12-14T05:00:00+0000
" INTERNATIONAL   A3-17    Pinochet Fit to Stand Trial, Judge Rules in Chile  A Chilean judge ruled that Gen. Augusto Pinochet was competent to stand trial for human rights abuses that occurred during his 17 years as Chile's dictator and immediately charged him with nine counts of kidnapping and one of murder. The judge also ordered that General Pinochet, 89, be placed under house arrest.   A1    9 Dead in Attacks in Baghdad  A suicide bomber steered a car full of explosives into the western gate of the protected compound that houses the interim government and embassies in Baghdad, killing at least 9 Iraqis and wounding 19. A second car bomb exploded in northern Baghdad, wounding four people, military officials said.   A15    Concerns about harsh techniques used by Special Operations forces prompted the Central Intelligence Agency last year to bar its officers in Iraq from taking part in military interrogations where prisoners were subjected to duress, intelligence officials said.   A15    Iran and Europe Open Talks  Iran and its European partners pledged to work to overcome their differences and lingering suspicions as they began negotiations for a long-term agreement on nuclear, economic and security cooperation. The largely ceremonial talks flow from Iran's agreement last month to freeze its programs to make enriched uranium.   A17    Rights Group Accuses U.S.  Human Rights Watch said new cases have come to light of deaths of men in American custody in Afghanistan. It accused the Defense Department of operating outside the law and failing to investigate abuses, including killings.   A15    NATIONAL   A20-31    Documents Cite Kerik's Links to Crime Figures  In June 2000, two months before Bernard B. Kerik was appointed police commissioner, New York City's top investigative agency learned that Mr. Kerik had a relationship with the owner of a New Jersey construction firm suspected of having business ties to organized crime figures, city documents show.   A1    Peterson Sentenced to Death  After three days of deliberations, and nearly two years of a nationwide obsession, the jury in the double murder trial of Scott Peterson determined that he should be put to death for killing his pregnant wife, Laci, and their unborn son.   A20    NASA Chief Vacates Post  Sean O'Keefe resigned as NASA administrator, saying he is leaving the job he held for three years to pursue better economic opportunity for his family.   A20    Court Backs Defense Lawyers  The Supreme Court ruled that faced with overwhelming evidence that a client is guilty of capital murder, a defense lawyer can make a strategic decision to concede guilt in open court, even if the client has not authorized such a strategy.   A23    Bishops Said to Abandon Pledge  Two victim advocacy groups accused Roman Catholic bishops of abandoning their pledge to root out sexually abusive clergy by reducing the number of dioceses that will receive on-site program audits.   A27    D.E.A. Denies School Drug Test  A longstanding request to grow marijuana at the University of Massachusetts so it can be tested for medical uses has been turned down by the Drug Enforcement Administration.   A25    NEW YORK/REGION   B1-7    Pelosi Found Guilty In Murder of Financier  Daniel Pelosi, the Long Island electrician who romanced a Wall Street financier's wife to penetrate a world of $10 million townhouses and East Hampton estates was found guilty of murdering his lover's husband, R. Theodore Ammon.   B1    Informer May Skip Trial  Facing problems with the main informer in a large terrorism financing case, federal prosecutors in Brooklyn suggested for the first time that they might try to prove their case without calling him at all.   B1    Ex-Culinary Official Indicted  The former president of the James Beard Foundation, an influential culinary organization, has been indicted on charges of stealing tens of thousands of dollars from the group and forging expense receipts.   B1    FASHION   B8    ARTS   E1-16    OBITUARIES   C11    SCIENCE TIMES   F1-10    Health & Fitness   D5    SPORTSTUESDAY   D1-7    Martínez Could Be a Met  The Mets were close to signing Pedro Martínez to a four-year contract for $56 million, according to a person involved in the negotiations. The Mets where reluctant in guaranteeing a fourth year, but relented.   A1    BUSINESS DAY   C1-10    Google's Global Library  Google plans to announce an agreement with some of the nation's leading research libraries to begin converting their holdings into digital files that would be freely searchable over the Web.   A1    Symantec In Talks With Veritas  Symantec, the software company that produces the Norton line of computer security and maintenance products, is in advanced talks to acquire Veritas Software, executives close to the negotiations said.   C1    Oracle Buys PeopleSoft  Oracle announced that it would acquire PeopleSoft for $10.3 billion.   C1    Business Digest   C1    World Business   W1    EDITORIAL   A32-33    Editorials: Buying intelligence blind; a watchdog muted; drug-assisted sprinters and sluggers; Adam Cohen on a growing campaign in the legal world to undo the New Deal.    Columns: David Brooks.    Crossword   E14  Public Lives   B2  TV Listings   E15  Weather   D8",2004-12-14T05:00:00+0000
" Google Plans to Take a Step Toward a Virtual Library  Google plans to announce a deal with some research libraries and Oxford University to convert their holdings into files whose contents would be freely searchable over the Web.     The collaboration is a major step in an effort to create a digital card catalog and searchable library for the world's books, scholarly papers and special collections. [Page A1.]    U.S. Quiet on China Trade Tax  China's plan to impose new taxes on textile exports will not sway the United States as it debates whether to limit Chinese goods. [C7.]    Management Shuffle at Bombardier  Paul M. Tellier, the head of Bombardier, was ousted from the Canadian aircraft maker. A three-member office of the president dominated by members of the Bombardier family was named. The three are: Laurent Beaudoin, left, the chairman, who will resume the position of chief executive; his son Pierre, president and chief operating officer of Bombardier Aerospace; and André Navarri, head of Bombardier's transportation equipment unit. [World Business, Section W.]    Electronic Arts Wins N.F.L. Deal  Electronic Arts announced a five-year deal with the National Football League and its players to design games using the N.F.L. brand, stadiums, player names and uniforms. [C2.]    G.M. and Daimler Work Together  General Motors and DaimlerChrysler plan to jointly develop hybrid electric vehicles. [C8.]    Utility Regulators Weigh Issues  Should customers or owners receive the savings? That is one issue before the Oregon Public Utility Commission, which is deciding if Texas Pacific should be allowed to buy Portland General Electric from Enron. [C2.]    Motorola May Lose a Big Customer  Sprint's talks to buy Nextel have ignited fears that Motorola will lose its exclusive deal to supply phones and equipment to Nextel. [C3.]    Tenet Says Loss Will Be Wider  Tenet Healthcare said that fourth-quarter charges might exceed $1 billion and its loss from continuing operations would widen from the third quarter because of increased bad debt. The third-quarter loss was $70 million, or 15 cents. The loss from continuing operations was $52 million, or 11 cents. Tenet has been cutting costs by selling hospitals while trying to resolve government charges. [C8.]    Insight Into Company's Union Battle  A court battle between EnerSys and its law firm has cast a spotlight on how the company harassed the union's top leaders. [A30.]    Cardinal Health Cutting 4,200 Jobs  Cardinal Health plans to cut 4,200 jobs, or 7 percent of its work force, and close 25 manufacturing and distribution locations. [C8.]    Mergers Send Stock Gauges Higher  The Dow Jones industrial average increased 95.10 points, to 10,638.32; the S.&P. 500 gained 10.68 points, to 1,198.68; and the Nasdaq composite jumped 20.43 points, to 2,148.50. [C8.]    Jet Lag Slows a Frequent Flier  After traveling 200,000 miles this year, jet lag hits. Joe Sharkey: On the Road. [C5.]  ",2004-12-14T05:00:00+0000
The search engine was allowed to continue to sell ads triggered by searches using trademarked company names.,2004-12-15T05:00:00+0000
Google won a major legal victory today when a federal judge today said the search engine could continue to sell ads triggered by searches using trademarked company names.,2004-12-15T05:00:00+0000
Kraig A Binkowski letter disagrees with Stanford librarian Michael A Keller's prediction that in two decades most of world's knowledge will be digitized and available,2004-12-16T05:00:00+0000
Lisa Shapiro letter on Google adding major library collections to database warns that digital version of book is not replacement for hard copy,2004-12-16T05:00:00+0000
Allan Eckhaus letter says Google adding major library contents to database reminds him of old science fiction story about gargantuan computer stumped by question about meaning of life,2004-12-16T05:00:00+0000
" S.E.C. Says Fannie Mae Violated Accounting Rules  The staff of the Securities and Exchange Commission has ordered Fannie Mae to restate its earnings for the last four years after concluding that it had violated accounting rules on its treatment of derivatives and loans.     The agency's findings is a setback for the company and its chairman and chief executive, Franklin D. Raines. [Page A1.]    Blow to Banks in WorldCom Suit  The judge in the WorldCom lawsuit ruled that the investment banks that sold billions of dollars in the company's bonds must persuade a jury that they conducted appropriate due diligence before the offering. [C4.]    First Command Settles Charges  Lamar C. Smith, left, the chief executive of First Command Financial Services, which marketed financial products to military families, agreed to pay $12 million to settle accusations that it used misleading information to sell mutual funds to military officers over the last five years. The company neither admitted nor denied the accusations. [C2.]    F.D.A. Approves a Sleeping Pill  The Food and Drug Administration approved a new sleeping pill called Lunesta that some specialists say could pave the way for longer term use of the medications. [C2.]    Helping Is Suddenly in Fashion  This year retail marketing campaigns are helping shoppers give to charities. [A1.]    Chinese Workers Demand Union  Some 12,000 workers at a factory in China that that supplies Wal-Mart Stores have walked off the job claiming their wages are too low. [A4.]    Yukos Files for Bankruptcy in U.S.  Yukos filed for bankruptcy protection, requesting an emergency court hearing in Houston to stop the Russian government's auction of the company's largest production unit. [World Business, Section W.]    Claim in Google Suit Dismissed  A federal judge dismissed a crucial claim in the trademark infringement suit brought against Google by Geico. Geico had argued that a Google policy of allowing competitors to buy ads linked to searches for ''Geico'' and ''Geico Direct'' confused Web surfers looking for Geico. But the judge said that Geico had not shown that the policy caused confusion. [C6.]    Congressman Joins Lobby Group  After 24 years in Congress, Billy Tauzin will become president of the Pharmaceutical Research and Manufacturers of America. [A1.]    Suit Accuses Fox of Copying Show  The British production company that created the reality series ''Wife Swap'' and sold it to ABC filed suit against the Fox network, contending that its own reality series ''Trading Spouses'' was a ''blatant'' copy. [C9.]    Morningstar Receives a Subpoena  Morningstar received a subpoena from the New York attorney general on consulting services it offers to retirement plan sponsors. [C7.]    Business Blossoming in Las Vegas  Las Vegas, with its booming population, low taxes and easy-going culture, is the new mecca for entrepreneurs. Small Business. [C5.]    Burden Growing on Pension Group  The financial position of the Pension Benefit Guaranty Corporation continues to deteriorate, suggesting that Congress should step in to fix it. Hal R. Varian: Economic Scene. [C2.]  ",2004-12-16T05:00:00+0000
"Federal Judge Leonie Brinkema dismisses crucial claim in trademark infringement suit brought against Google by Geico, auto insurance company owned by Berkshire Hathaway; Geico had argued that Google policy of allowing competitors to buy ads linked to searches for 'Geico' and 'Geico Direct' confused Web surfers looking for Geico; Brinkema rules Geico has not shown that policy caused confusion (M)",2004-12-16T05:00:00+0000
"Suzanne Cherney letter welcomes news that world will soon have new Alexandria library, one that will not burn down or benefit just lucky few",2004-12-16T05:00:00+0000
"In this lesson, students consider how xerographic photocopy machines and scanners operate. They then discuss and practice using scanners, and brainstorm strategies to increase the efficiency of Google’s scanning project. For homework, they either customize an excerpt from a language arts text scanned in class or write a letter to Google with their recommendations.",2004-12-16T07:04:00+0000
"A Rice University computer scientist and two of his students have discovered a potentially serious security flaw in the desktop search tool for personal computers that was recently distributed by Google.    The glitch, which could permit an attacker to secretly search the contents of a personal computer via the Internet, is what computer scientists call a composition flaw -- a security weakness that emerges when separate components interact. ''When you put them together, out jumps a security flaw,'' said Dan Wallach, an assistant professor of computer science at Rice in Houston, who, with two graduate students, Seth Fogarty and Seth Nielson, discovered the flaw last month. ''These are subtle problems, and it takes a lot of experience to ferret out this kind of flaw,'' Professor Wallach said.  ",2004-12-20T05:00:00+0000
" Unknown Company Wins Bidding for Yukos Unit  Russia completed the dismantling of Yukos, selling off the country's largest oil subsidiary to a company that was essentially unheard of until three days ago. The announcement was a surprise because Gazprom, the country's natural gas monopoly, had appeared to have positioned itself to take over the unit.    The mystery surrounding the winner -- a company called Baikal Finans Group -- immediately raised suspicions in the minds of industry analysts that the winning bidder was acting on behalf of Gazprom, or even the state itself. [Section A.]    Online Shoppers Get a Late Break  In years past, procrastinating holiday shoppers who ordered from online retailers would have faced steep shipping charges for last-minute purchases. But some companies are offering to ship goods via standard ground delivery as late as tomorrow while still guaranteeing pre-Christmas delivery. Bob Tedeschi: E-Commerce Report. [C4.]    U.S. Withdraws Tax Shelter Suit  The Justice Department has withdrawn its lawsuit against a San Diego financial services firm that it said sold questionable tax shelters to thousands of doctors and dentists. The firm, Xelan, is still the subject of a criminal federal grand jury investigation, and the Internal Revenue Service is seeking reimbursement of hundreds of millions of dollars that it says is owed by users of Xelan financial plans. [C6.]    Flaw Found in Google Search Tool  A Rice University computer scientist and two of his students have discovered a potentially serious security flaw in Google's recently distributed desktop search tool for personal computers. The flaw, which could permit an attacker to secretly search the contents of a personal computer via the Internet, emerges when separate components interact. [C3.]    Tenant Delays Big Hong Kong Deal  A lawsuit by a public housing tenant forced the Hong Kong government and three of the world's largest financial institutions to postpone a $2.73 billion real estate offering. [C6.]    Don't Call It a 'Diet' Drink  Soft-drink makers are racing to replace or play down the word ''diet'' in brand names in favor of alternative terms they hope will help fatten sales. Stuart Elliott: Advertising. [C9.]    Mobile Carriers Limit Content  With new functions to send e-mail messages, take pictures and listen to music, the mobile phone has turned into a portable minicomputer. But the operators of phone networks are resisting new services that proved very popular on the old personal computer: pornography and violent video games, like one based on the movie ''Kill Bill.'' [C8.]    Kia Spectra Receives Lowest Rating  The Kia Spectra, a compact car from the Korean automaker Hyundai, was the first vehicle in three years to receive the lowest rating on a frontal crash test from the Insurance Institute for Highway Safety. [C2.]  ",2004-12-20T05:00:00+0000
Sex is the favorite topic for online journals Â and the very private has never been more public.,2004-12-20T05:00:00+0000
"Editorial says Google's ambitious new plan to start converting millions of books into digital files in partnership with several major libraries may redefine nature of Internet and university; cites some concerns, and concludes that Google project will enhance usefulness of books it encompasses, but it in no way will render them obsolete",2004-12-21T05:00:00+0000
Corrections: For the Record,2004-12-22T05:00:00+0000
"William H Miller, manager of Legg Mason Value Trust Fund, is down to wire on his 13-year streak for his fund to beat Standard & Poor's 500-stock index; Miller moves out ahead of S&P by 1.44 percentage points as of Dec 21; Morningstar says it knows of no other fund manager who has beat S&P 500 for 13 years, as Miller has done; photo (M)",2004-12-22T05:00:00+0000
"Web worm called Santy worm that identifies potential victims by searching Google is spreading among online bulletin boards; worm uses flaw in widely used community forum software PHP Bulletin Board to spread; Kaspersky Labs says worm searches Google for sites that use vulnerable version of software; almost 40,000 sites may have already been infected (S)",2004-12-22T05:00:00+0000
Correction of Dec 20 article on potential security flaw in desktop search tool distributed by Google,2004-12-22T05:00:00+0000
"Europe's Court of First Instance rejects Microsoft's objections and orders it to offer version of its Windows operating system without its software for playing digital music and movies on personal computers; ruling only applies to Europe, but it represents first time since antitrust challenges to Microsoft began in 1990's that company will be forced to alter its software products and features with Windows; basic operations of more than 90 percent of world's personal computers are controlled by Microsoft's Windows program; ruling by Judge Bo Vesterdorf means that sanctions imposed by European Commission in March will now take effect RealNetworks, leading maker of media player software, describes ruling as step toward greater competition in software market (M)",2004-12-23T05:00:00+0000
Luxury housing market in New York City continues to climb. with number of sales of condos or co-ops at $5 million or more numbering record 163 in 2004; brokers report that apartments selling for more than $10 million have ignited bidding wars and frantic showings; prices noted for luxury properties in other areas around nation; photos (M),2004-12-23T05:00:00+0000
